Edad,Ingreso_mensual,Deuda_actual,Historial_crediticio,Anios_empleo,Tipo_empleo,Decision_aprobacion
22,8904,6350,1,26,1,1
59,1558,16855,2,29,0,0
52,4578,705,1,10,2,1
41,5124,8928,1,14,2,1
40,8181,16020,1,38,1,0
63,2161,19060,0,34,3,0
22,4906,5028,0,16,2,0
54,2371,13016,2,9,0,0
28,8089,3793,0,12,3,0
22,6691,2318,0,22,0,0
45,5471,7060,1,23,2,1
69,4536,17702,2,7,1,0
56,2378,13790,1,2,2,0
58,9297,9785,1,20,3,1
56,6829,5656,1,32,2,1
59,3872,2832,0,6,2,0
45,4725,5415,0,16,3,0
24,7536,3053,0,6,2,0
62,7476,3741,2,9,3,1
41,5150,13751,2,25,1,0
44,3726,2654,0,11,0,0
37,6940,947,0,10,0,0
27,6924,10847,0,40,2,0
67,6397,5732,2,7,2,1
59,1655,9094,1,7,0,0
52,5255,2795,2,38,0,1
39,6525,4199,1,22,3,1
61,9551,8821,2,1,2,1
46,5730,13801,1,17,3,0
41,4084,8287,0,23,0,0
41,6002,10834,2,10,0,0
30,2595,10438,2,22,1,0
22,1816,5377,2,26,3,0
47,7103,5593,2,10,2,1
65,9876,8514,0,33,3,0
21,8614,640,0,18,1,0
63,6253,13708,1,39,1,0
61,1362,12288,0,3,2,0
32,9892,6122,1,13,3,1
51,5047,7474,0,29,1,0
26,3607,6574,1,36,2,1
58,9033,13027,1,9,3,0
55,7718,15195,1,40,1,0
36,7747,2173,2,7,3,1
21,3500,8266,1,17,2,1
69,9927,275,1,12,3,1
41,5076,9045,0,17,1,0
65,5783,4966,1,36,2,1
53,7759,6716,0,30,1,0
59,6940,9131,0,32,2,0
58,2550,6474,1,10,1,0
28,3722,7881,0,38,2,0
37,4251,15296,1,17,3,0
42,9528,16206,0,26,1,0
44,7431,117,2,28,1,1
20,4297,7557,2,27,1,1
46,7613,16938,0,24,2,0
26,7647,10609,1,19,2,0
57,4548,4105,1,26,2,1
54,4628,11870,1,37,0,0
66,9049,2898,1,15,0,1
57,6056,436,2,20,0,1
37,2345,12649,1,7,3,0
69,7478,10303,0,14,3,0
39,6306,15130,1,31,0,0
35,5580,6896,0,26,0,0
65,7526,17086,1,8,3,0
37,9164,8426,0,22,2,0
22,3974,14761,0,33,1,0
42,4774,2005,2,5,2,1
60,2705,1943,0,2,0,0
28,6824,15657,2,16,0,0
42,4624,16680,2,26,1,0
24,4081,18849,1,12,3,0
54,7269,6492,2,33,3,1
43,4673,445,0,34,0,0
35,5179,19599,0,21,2,0
30,4960,12028,0,15,3,0
47,3327,4942,1,1,3,0
53,2132,15277,1,33,3,0
67,8445,18078,2,36,0,0
41,1825,5696,1,18,0,0
26,3924,15394,0,21,0,0
62,7008,15751,2,30,0,0
51,2181,10034,2,28,0,0
55,6900,12647,2,5,1,0
23,7598,5390,1,27,2,1
34,6966,18584,1,37,1,0
58,3745,19663,1,30,1,0
62,1177,19621,2,19,0,0
41,8987,14743,0,21,0,0
60,3939,846,2,10,3,1
62,8245,7329,0,27,2,0
38,2780,8899,1,9,0,0
65,2461,19197,0,14,3,0
33,8004,10940,1,10,3,0
30,9458,10723,2,13,3,0
54,8746,2935,2,15,0,1
51,7761,15875,2,3,2,0
25,3220,6726,0,29,3,0
62,9219,1837,0,18,3,0
28,7011,19753,2,38,0,0
60,2549,3801,1,7,3,0
18,2164,324,0,27,1,0
60,8841,1556,2,7,1,1
59,3476,9050,1,22,2,1
59,7893,2058,0,20,3,0
53,2248,16853,2,18,0,0
42,3525,10249,1,26,2,0
55,3551,6478,1,33,3,1
32,3530,62,2,12,2,1
59,7073,9596,1,34,1,1
47,9230,3026,1,7,0,1
42,9193,19561,1,12,2,0
44,7674,5822,0,12,2,0
48,2822,9498,0,39,2,0
19,9646,372,2,4,3,1
25,5879,2618,0,16,2,0
31,5914,4149,1,17,2,1
24,7313,1034,0,32,0,0
41,7922,14520,0,19,2,0
53,9577,18909,1,39,0,0
52,6241,19708,2,30,2,0
42,6491,5316,1,28,0,1
63,7710,15775,0,30,3,0
47,3296,10081,0,6,1,0
22,3769,917,0,18,1,0
58,6629,1814,2,24,0,1
48,1577,10956,0,8,0,0
51,3884,8473,1,4,3,1
47,7462,167,0,5,1,0
47,9786,18603,1,32,2,0
22,5675,14607,2,26,3,0
47,4597,10048,1,11,2,0
60,4963,19740,1,30,0,0
34,7169,19423,0,28,1,0
49,5900,19480,0,33,1,0
19,1209,5176,2,37,1,0
36,5853,17618,0,36,0,0
41,4600,10091,1,7,2,0
70,7307,14521,0,31,1,0
29,8876,17191,0,16,1,0
32,9662,3266,1,16,1,1
39,6492,8965,2,26,1,1
70,4263,2578,0,24,0,0
63,4995,5590,2,17,1,1
19,2588,8270,1,40,3,0
30,9424,17110,2,7,2,0
61,8626,17254,0,3,2,0
21,8686,7798,2,1,3,0
63,3953,6584,0,33,2,0
32,3900,10614,2,16,0,0
66,8710,18238,1,17,1,0
33,5901,19531,1,26,1,0
41,7342,4535,0,17,1,0
53,5408,3729,1,23,0,1
24,4985,14136,0,2,0,0
47,6690,6028,1,6,1,1
44,8317,3995,2,38,3,1
59,4007,621,0,18,2,0
70,8283,8064,0,6,3,0
53,3198,7837,0,15,0,0
39,4625,11261,0,13,1,0
39,9214,4003,0,11,2,0
40,9591,14288,0,12,1,0
61,9315,13601,1,29,1,0
35,3844,9247,0,4,1,0
26,8590,3626,2,12,0,1
35,9425,10139,2,19,3,0
19,9804,13496,2,22,3,0
23,1188,7454,1,36,0,0
22,7705,5269,0,37,1,0
58,9971,10130,2,12,2,0
56,7882,7104,0,22,3,0
54,3098,8010,1,0,3,0
42,7864,6977,1,25,1,1
56,1947,6069,2,6,2,0
26,5325,14335,1,3,3,0
65,6636,9205,2,27,3,1
44,5108,9330,2,7,1,1
67,7299,13062,1,19,3,0
26,3162,7226,2,4,1,1
44,6456,2020,0,30,0,0
54,6804,17053,2,31,3,0
44,6704,1114,0,23,3,0
41,3604,11439,2,34,1,0
26,3748,5316,1,17,1,1
38,3320,4276,2,7,1,1
30,5156,839,0,6,0,0
33,6274,18002,1,8,3,0
54,4263,8584,2,8,0,1
51,4690,6853,0,13,2,0
50,3577,14825,0,8,0,0
37,2969,779,0,24,2,0
68,6917,11291,0,6,3,0
22,8345,9892,1,25,2,1
36,3616,11069,1,13,2,0
24,8745,2478,0,28,3,0
35,6139,19051,0,21,3,0
68,2509,4769,0,37,3,0
37,4294,13569,2,18,0,0
66,1067,14942,2,12,2,0
44,1352,6880,0,24,3,0
55,4025,2615,0,27,1,0
42,5090,5933,0,18,2,0
32,8178,16139,2,22,0,0
58,2208,18130,2,19,3,0
69,8553,18739,2,12,2,0
31,3110,4526,0,12,2,0
59,2245,12131,1,37,3,0
31,7299,3020,0,27,0,0
55,7969,14207,2,3,1,0
59,6444,8317,1,39,3,1
41,2041,14272,0,29,0,0
57,2038,13703,2,2,3,0
32,4510,19857,1,29,1,0
22,5055,9773,1,24,2,1
23,9988,6831,0,37,2,0
41,3578,10535,0,20,2,0
65,2733,3257,2,21,3,0
24,9514,2235,0,12,1,0
42,2385,10383,0,13,0,0
55,1237,16508,2,25,1,0
28,4805,10665,0,33,2,0
56,4610,15639,1,36,3,0
34,6577,3558,2,31,3,1
60,8900,8988,1,25,1,1
48,9397,12262,1,20,3,0
46,3607,6953,0,13,0,0
27,9828,282,1,31,0,1
42,6694,1469,1,13,0,1
63,1626,18554,1,10,3,0
19,9446,12103,0,35,0,0
58,2242,5291,0,24,2,0
44,6297,5176,2,14,3,1
56,8117,791,2,35,3,1
53,3245,18896,2,39,3,0
40,3435,2165,0,13,0,0
34,5286,15189,2,21,1,0
51,8964,4805,0,19,2,0
25,3012,6712,1,28,2,1
48,6971,5478,0,38,2,0
23,5073,16491,2,22,2,0
52,2006,656,0,32,1,0
51,7398,7046,2,24,0,1
22,8493,5587,0,36,1,0
58,6181,5459,2,16,1,1
40,2587,3859,1,15,2,0
59,2401,18249,0,17,3,0
20,4811,7572,0,40,2,0
27,5558,8364,2,25,2,1
44,5970,7703,0,6,0,0
27,3193,19605,0,1,2,0
35,5507,6780,1,21,1,1
53,3656,6834,0,33,0,0
25,7176,6558,0,19,0,0
53,8169,6539,1,22,3,1
23,6874,1794,2,32,3,1
27,1011,12086,2,21,2,0
49,9929,504,2,37,3,1
60,1213,4519,0,26,0,0
27,9995,4042,1,29,1,1
33,1286,5830,0,32,3,0
67,5648,15133,2,25,0,0
70,1953,11990,1,2,2,0
48,1856,19817,0,17,0,0
41,7151,7024,2,5,1,1
36,7551,18571,0,20,1,0
50,2064,898,0,5,1,0
49,9790,10084,2,20,3,0
33,3884,15977,1,14,3,0
19,3865,10637,2,0,2,0
26,3673,18667,1,5,2,0
68,5151,6291,2,20,0,1
40,2600,666,1,3,0,0
43,4823,15479,0,35,0,0
42,2890,1360,0,31,3,0
59,1462,15295,2,29,0,0
21,4318,14669,0,7,1,0
22,7051,16886,1,32,3,0
32,7868,9579,0,26,2,0
43,4180,17910,0,16,2,0
53,3914,3396,1,0,0,0
44,8087,8687,0,21,2,0
41,7131,2436,1,32,2,1
67,8489,15338,2,1,1,0
26,9155,14286,0,2,2,0
48,8391,16128,0,15,3,0
46,9429,15287,0,20,1,0
43,4750,6169,2,19,1,1
60,4552,1361,1,17,1,1
32,3894,18585,1,10,3,0
68,3117,9856,0,2,0,0
35,7740,1886,2,1,3,0
46,7430,18542,0,4,3,0
45,8213,19886,2,28,1,0
63,2506,8910,0,32,2,0
41,5421,15402,2,17,3,0
33,2997,725,0,3,3,0
19,9038,1865,0,17,1,0
37,3406,5531,1,40,0,1
61,2295,13125,0,10,2,0
18,6129,2668,0,20,0,0
65,8912,683,1,22,0,1
46,9242,13376,0,13,3,0
25,1864,15404,1,17,1,0
34,3933,14784,2,19,2,0
47,2381,15985,0,19,0,0
34,3771,16057,1,29,0,0
23,5805,12048,0,23,0,0
53,3525,10388,1,2,1,0
53,1607,17138,0,0,0,0
24,5590,6960,0,16,1,0
32,1475,1957,0,37,1,0
30,3040,15040,2,1,2,0
52,1004,5518,0,2,2,0
56,1781,19578,2,27,1,0
56,4927,8283,2,18,1,1
67,8657,17036,1,9,0,0
58,7972,849,0,8,1,0
34,1889,13185,2,27,3,0
23,1313,8964,2,21,3,0
50,4043,9252,0,26,1,0
66,6870,5304,2,11,3,1
69,7721,19424,2,21,2,0
30,8408,7855,0,35,0,0
30,4080,17010,0,12,3,0
19,2512,8502,2,16,1,0
25,1237,965,0,6,2,0
47,2321,17589,1,26,2,0
46,1586,3702,0,1,1,0
37,8748,5407,2,10,2,1
34,3415,17222,0,29,2,0
61,8408,17875,0,0,1,0
42,5978,18336,0,40,1,0
60,5851,8519,0,16,2,0
69,5093,15140,1,16,0,0
34,8373,6556,0,21,0,0
28,1391,14808,2,26,3,0
68,1834,10050,1,18,1,0
51,4810,1039,0,36,2,0
33,4550,8355,2,39,2,1
50,5910,9354,1,8,3,1
45,7640,5147,2,28,2,1
65,6288,7489,0,12,2,0
31,3317,10054,2,40,3,0
70,3945,994,1,10,3,1
67,7771,3036,2,12,0,1
27,2813,15336,1,29,2,0
26,5538,7038,2,32,0,1
46,5849,12168,1,5,3,0
20,7753,11316,0,22,0,0
33,7429,11024,0,14,0,0
41,5182,8268,2,25,0,1
69,3782,9666,2,22,2,1
70,4311,16479,1,40,0,0
26,4704,19301,2,38,0,0
65,2972,5134,0,26,2,0
22,6629,13390,0,27,3,0
57,2875,19396,1,36,2,0
62,6838,151,1,7,1,1
65,7764,15695,2,29,2,0
29,9657,9936,2,31,2,1
65,2070,19352,0,5,1,0
24,7838,11565,2,36,2,0
45,1773,16763,1,28,0,0
42,4035,3320,2,14,0,1
34,2586,2842,0,19,2,0
19,2460,18532,0,20,1,0
58,2578,10529,0,37,0,0
35,1395,11167,2,39,0,0
53,8408,3399,0,33,3,0
39,1550,4534,2,26,1,0
37,4586,16365,2,4,0,0
64,7293,6066,0,37,2,0
23,9914,11683,2,5,2,0
57,8684,6330,0,6,1,0
57,2235,5269,0,2,3,0
38,9890,3320,1,38,1,1
31,6882,18592,0,20,2,0
18,2616,18802,0,9,2,0
67,5039,2303,0,3,2,0
68,9261,7065,1,16,0,1
30,4536,11277,0,29,2,0
19,2652,7666,0,40,2,0
24,8876,14421,1,22,0,0
21,9577,5204,1,24,0,1
62,9781,1177,2,34,2,1
65,9602,6739,0,36,0,0
26,8856,11957,1,11,3,0
57,5090,3612,2,40,0,1
27,2730,16318,1,21,3,0
37,6555,244,0,38,2,0
49,2987,1350,1,4,1,0
56,5258,10177,1,3,1,0
64,6905,10245,0,36,1,0
20,9520,5897,1,27,2,1
28,3602,5171,0,7,3,0
32,3267,1396,1,36,0,1
34,7613,13259,2,4,2,0
70,1058,7580,1,27,3,0
59,6098,2373,2,8,1,1
34,7713,7997,0,2,2,0
69,5958,18741,2,33,0,0
44,4455,5224,2,34,3,1
44,8457,17895,2,4,0,0
40,4339,5175,2,3,1,1
25,7395,3719,1,25,1,1
67,5177,5213,1,1,1,0
18,1239,6465,2,30,0,0
27,5775,2412,2,37,2,1
30,1445,11753,1,30,0,0
32,9379,6669,0,9,3,0
24,6414,14361,0,7,0,0
18,4348,9820,0,27,1,0
53,5376,8853,0,2,3,0
69,6573,9420,0,22,0,0
24,3341,3125,0,18,0,0
33,3595,14258,2,30,2,0
44,4768,2083,0,8,0,0
67,3327,14431,1,31,3,0
54,7821,19996,1,28,1,0
58,1934,15280,0,9,3,0
48,8440,9107,2,14,0,1
40,4137,6289,2,2,0,0
28,6051,17451,2,18,3,0
63,2419,5144,2,10,3,0
60,4468,9648,1,4,3,1
19,7792,15418,2,22,1,0
55,3436,18448,0,23,1,0
22,2190,18420,2,3,2,0
57,5697,1755,2,7,1,1
61,2462,17966,0,3,0,0
24,3833,2280,1,27,1,1
40,5054,11690,1,13,2,0
24,6077,18593,0,2,0,0
48,6755,13096,2,7,1,0
67,7090,18950,0,40,1,0
22,8599,6887,0,10,0,0
39,1594,6294,0,28,0,0
69,4261,6524,2,19,1,1
33,1009,7103,0,7,0,0
25,1084,13656,1,12,1,0
43,2910,9049,2,0,2,0
44,6383,14749,0,30,3,0
53,9051,8323,2,13,0,1
34,7962,6154,0,20,1,0
68,6817,3801,2,6,0,1
45,8004,11021,0,33,1,0
33,2547,17968,0,8,1,0
68,8559,17180,2,23,3,0
67,9013,5066,2,35,1,1
44,1855,9553,2,29,3,0
19,5230,14106,2,24,0,0
49,8471,12249,1,36,0,0
47,5285,1343,0,7,0,0
25,8565,11821,0,39,1,0
51,9420,775,1,22,0,1
62,5272,2330,1,16,0,1
23,1535,13075,1,10,0,0
56,4060,2051,0,30,3,0
25,2936,6780,1,40,3,0
57,5267,11769,0,28,0,0
40,6272,13109,0,1,3,0
18,5175,8915,0,19,0,0
69,2759,1880,1,30,1,0
26,3710,15982,1,16,1,0
49,7116,18997,0,31,1,0
27,1242,17775,1,28,3,0
67,2927,14971,0,2,2,0
57,9031,8044,0,22,2,0
60,1892,17526,0,7,2,0
40,4733,9763,1,19,2,1
42,2863,2729,2,15,0,0
51,1941,17011,0,33,1,0
59,4805,6403,0,35,0,0
62,5693,18774,0,18,2,0
18,2585,7367,1,22,1,0
53,1700,17388,2,25,2,0
23,2212,10743,0,26,2,0
33,6864,9348,1,26,1,1
61,8743,5937,2,32,0,1
31,2622,16714,2,40,3,0
60,3883,1212,1,33,1,1
42,4094,9377,2,5,0,1
30,4247,7377,2,19,1,1
35,3198,10868,2,18,3,0
46,1497,5091,0,20,1,0
58,5726,13292,0,21,3,0
50,4216,7718,0,29,1,0
67,4080,3762,2,17,3,1
63,3383,3939,1,10,2,1
57,9364,13930,0,18,0,0
49,6494,5238,1,35,2,1
33,4768,6145,0,12,1,0
39,2848,12539,2,0,0,0
24,8210,6596,1,40,2,1
37,8996,7763,2,8,0,1
67,1290,4889,0,24,2,0
40,9367,6908,1,32,3,1
24,7295,13856,0,11,0,0
52,1898,10678,2,13,1,0
69,7779,19951,1,11,2,0
63,1966,15437,1,6,0,0
32,1457,336,1,6,1,0
42,2038,7577,0,7,1,0
46,5138,5797,2,18,0,1
31,6576,11750,1,21,3,0
32,4666,5313,2,0,1,0
30,2097,19325,0,34,3,0
70,2792,5987,0,27,2,0
57,8672,10440,2,2,3,0
62,9664,2458,0,34,3,0
61,7789,18196,0,1,2,0
68,1930,18237,2,22,1,0
23,8379,15874,0,19,1,0
64,7228,7032,0,20,3,0
21,5735,1174,1,39,1,1
43,2289,14220,0,38,2,0
49,9971,8582,0,11,0,0
36,4983,19808,0,23,3,0
25,1397,13967,0,39,2,0
28,2889,10773,0,29,1,0
61,4611,19735,2,36,2,0
34,1561,16010,0,17,1,0
34,3915,9167,0,11,0,0
66,5216,377,0,20,3,0
25,9538,1855,1,33,3,1
66,1777,8874,2,38,3,0
66,6192,11240,1,28,1,0
49,9242,603,0,28,1,0
26,8256,2531,0,20,0,0
26,9325,14086,1,13,2,0
33,2533,15031,0,17,1,0
48,8212,596,2,20,3,1
26,9808,10154,2,33,3,0
42,3934,1619,1,22,0,1
24,5488,14469,2,32,3,0
46,5778,16682,0,1,0,0
19,5443,17388,0,31,1,0
55,3608,11964,2,20,1,0
20,9738,12579,2,40,3,0
28,9609,18532,0,19,2,0
27,4426,12249,1,19,3,0
62,8248,8925,0,5,2,0
20,4578,15092,1,33,3,0
40,8154,11817,2,28,3,0
49,6263,16849,2,35,3,0
45,5231,10494,1,3,1,0
54,2152,17381,2,8,1,0
60,6891,897,1,35,3,1
38,3890,728,2,1,3,0
61,2951,1980,0,20,3,0
34,2739,11124,1,16,2,0
70,9837,14180,1,38,3,0
44,1929,4325,1,35,2,0
57,8187,3115,0,36,2,0
64,8796,17207,0,11,0,0
60,1279,15011,2,24,2,0
63,6304,12968,0,28,2,0
46,6197,9767,1,39,3,1
20,4228,8404,1,0,3,0
44,7001,410,1,40,1,1
27,4678,3762,0,14,1,0
65,4957,17940,0,5,3,0
30,4884,6780,0,25,3,0
30,8206,14091,0,32,0,0
31,6698,14076,0,5,1,0
52,4411,6188,0,1,3,0
48,9341,4087,0,36,0,0
68,8219,13834,2,38,3,0
40,9395,1871,1,6,0,1
32,7575,9896,0,37,0,0
20,4523,17761,1,37,3,0
18,7957,14227,0,40,2,0
37,3963,15284,1,8,2,0
67,3438,1665,0,23,3,0
45,5059,3996,0,40,1,0
65,9724,5502,0,37,2,0
23,6111,5846,1,24,2,1
22,4453,3881,1,8,2,1
62,5156,19442,1,3,1,0
23,3621,3299,1,10,2,1
20,6929,14164,2,2,1,0
39,4154,11735,2,8,2,0
67,5990,12211,1,3,3,0
54,4328,4293,1,31,1,1
23,3886,6152,1,24,2,1
62,9733,12130,0,21,3,0
62,4111,5982,1,33,3,1
60,1634,13882,0,16,3,0
65,4407,790,2,16,2,1
30,5789,1456,1,8,1,1
69,1851,14570,2,18,3,0
34,3751,12335,2,7,2,0
60,2494,863,1,24,0,0
48,5506,17981,2,40,1,0
59,7508,97,1,21,1,1
51,9717,19112,0,12,3,0
52,4502,14590,0,28,0,0
50,8770,19763,0,33,2,0
59,2931,18978,2,19,2,0
57,8025,6262,1,10,0,1
25,6064,15130,0,29,2,0
61,7824,4218,1,7,3,1
46,7800,9433,0,40,2,0
35,5792,4802,2,13,2,1
45,3317,9721,2,14,1,1
69,5736,17447,0,29,0,0
63,8441,8723,2,0,0,0
62,9736,1847,1,8,1,1
42,9348,6493,0,5,2,0
59,2633,15731,2,16,0,0
38,6377,10434,0,22,3,0
54,1941,11204,0,7,2,0
51,7021,8623,0,14,1,0
31,9932,5855,1,31,3,1
32,1473,11963,1,38,0,0
21,6909,12662,0,0,3,0
25,9510,17963,0,25,1,0
40,8625,12356,0,1,1,0
43,4532,19901,2,21,1,0
26,1935,16532,2,36,3,0
40,9316,1574,2,32,1,1
50,9292,7843,1,9,3,1
30,6211,7694,1,10,1,1
35,9811,60,2,32,1,1
37,1041,3614,1,33,2,0
44,6550,15244,1,11,2,0
37,1346,7042,0,0,1,0
57,9422,2957,1,18,0,1
35,7124,5749,0,25,1,0
40,9221,5494,0,18,2,0
38,6064,3490,2,38,0,1
27,1749,2023,2,33,0,0
54,1238,15282,0,32,3,0
30,4020,16491,0,0,0,0
33,7691,9926,0,34,1,0
60,2359,12309,2,30,3,0
68,8670,18385,0,16,1,0
53,3155,16854,0,24,1,0
66,5468,651,0,33,0,0
63,2827,19060,2,37,3,0
43,5192,1339,1,22,2,1
58,5070,531,2,1,3,0
35,1049,8065,2,25,3,0
42,6110,14917,0,27,1,0
46,8080,1605,2,2,0,0
68,9427,5860,1,33,1,1
62,3976,5254,1,8,0,1
43,8926,7948,0,36,2,0
52,8909,19721,2,22,0,0
28,9896,6628,2,13,3,1
60,4357,4179,1,2,2,1
47,8658,2446,0,0,1,0
46,6086,3962,2,30,3,1
58,1524,2662,2,15,3,0
51,3433,11473,1,34,1,0
21,7049,8410,1,9,0,1
33,2445,9960,0,37,1,0
27,4913,16643,0,38,2,0
56,7974,11609,2,4,3,0
19,2347,3103,1,26,1,0
28,5469,7535,0,38,2,0
49,2933,6251,2,13,1,0
54,5828,16536,0,2,0,0
44,3166,6140,0,35,1,0
63,9689,2771,0,19,0,0
66,1690,14720,1,1,1,0
25,9673,8568,1,34,1,1
68,8127,1917,0,27,1,0
50,8701,13795,1,2,3,0
51,8664,4210,1,10,1,1
23,2688,17365,1,0,2,0
50,9380,16650,1,39,2,0
56,6349,7391,2,1,2,1
48,9660,11112,2,32,1,0
22,8904,11355,0,20,3,0
45,6217,13069,2,23,0,0
67,4370,1382,1,33,1,1
56,2055,6497,0,36,3,0
25,1910,3406,1,5,1,0
68,4507,13950,2,0,2,0
68,8299,1382,2,5,0,1
26,5548,10339,1,27,2,0
60,5336,14558,0,23,3,0
39,3200,18968,0,3,2,0
49,6080,5761,0,9,2,0
41,6743,159,2,22,3,1
59,9840,14475,1,29,1,0
70,7565,30,1,14,1,1
60,6465,1328,2,38,0,1
67,9191,19810,2,40,2,0
68,4825,17251,2,31,2,0
22,9415,14151,0,18,3,0
31,4330,16711,1,35,2,0
56,2150,1507,2,29,0,0
49,4758,1778,2,21,2,1
20,2159,6016,0,18,3,0
23,2065,475,1,34,0,0
45,8931,17767,2,22,1,0
50,8153,1125,0,7,3,0
26,2991,10881,1,40,1,0
27,8540,17073,0,2,3,0
24,1620,14700,2,28,2,0
47,3559,4694,0,26,2,0
18,7355,9407,0,24,2,0
48,3734,10966,0,2,2,0
43,7575,15359,0,20,3,0
42,8869,8525,1,36,3,1
54,1594,5701,0,9,1,0
45,1215,15911,1,28,3,0
56,9460,17730,1,35,2,0
58,5684,9778,1,39,2,1
66,5558,560,2,21,1,1
60,5173,10013,1,12,1,0
45,4902,17786,1,28,2,0
44,7211,19782,2,19,1,0
30,6218,8021,0,25,1,0
49,2470,3002,2,30,3,0
25,6640,11443,2,29,1,0
67,7015,16614,0,9,2,0
62,2022,18901,0,30,0,0
24,4390,1035,1,22,0,1
59,8115,5811,0,38,3,0
24,6569,9553,1,27,0,1
56,2227,1965,2,36,3,0
22,1360,17727,1,40,3,0
43,6231,2243,0,40,1,0
52,5156,13304,0,30,3,0
56,9650,18373,2,24,1,0
40,5700,13704,0,4,3,0
66,9384,15264,1,15,0,0
59,2929,5266,2,19,1,0
29,5026,16550,0,32,1,0
53,2256,8371,1,24,3,0
56,6168,1226,1,18,0,1
35,2696,7331,0,6,3,0
57,5430,6997,1,29,0,1
65,4097,10429,1,17,1,0
61,2671,5296,0,1,2,0
58,1871,9245,2,11,0,0
51,5608,8559,1,36,1,1
32,9526,6538,0,4,3,0
60,2788,13925,2,16,3,0
37,4645,6109,2,20,0,1
46,3021,15316,0,3,2,0
34,8281,5017,0,6,2,0
34,4734,17298,1,38,0,0
26,9770,7301,1,24,2,1
68,3206,813,2,8,2,1
25,1726,2998,1,6,2,0
22,6243,16125,1,17,1,0
67,6865,17442,0,29,1,0
47,9917,4239,1,29,2,1
41,8843,12042,2,8,2,0
57,8958,11487,1,29,0,0
38,6708,2675,1,36,0,1
24,4238,9040,0,9,2,0
56,4861,13877,2,1,3,0
27,2203,19343,0,39,0,0
47,4880,16954,0,21,0,0
68,4280,1956,0,31,3,0
67,1323,4750,2,13,2,0
37,2840,8734,1,12,3,0
59,5811,3012,2,9,3,1
50,4324,11414,1,8,3,0
43,9942,172,1,19,0,1
25,5307,2270,1,4,1,1
37,9629,945,0,34,0,0
52,6947,5910,1,20,0,1
70,1363,15245,2,37,3,0
18,2831,3545,2,20,2,0
56,7352,19744,1,12,0,0
62,5906,5391,2,21,0,1
68,3716,897,2,6,0,1
40,5699,6710,1,33,1,1
24,9127,14962,1,29,1,0
32,4498,2133,0,6,1,0
63,1406,1437,0,23,3,0
64,3798,16987,2,22,0,0
51,9423,11843,0,8,2,0
24,7856,6865,1,5,1,1
24,8538,15122,2,31,1,0
43,9205,16887,0,10,3,0
49,2057,7184,2,21,3,0
19,3544,11224,1,10,0,0
54,1538,218,0,26,1,0
46,1042,6122,0,2,0,0
18,8513,11904,2,14,1,0
23,9433,3942,2,22,2,1
42,2401,19825,2,18,1,0
56,7500,19423,2,25,1,0
61,5814,5152,0,7,1,0
40,1623,7927,2,18,1,0
33,9242,3790,0,31,1,0
69,8842,10079,0,13,1,0
42,6107,2478,2,6,2,1
34,7371,7819,1,34,0,1
41,4575,11105,1,31,0,0
18,8136,12237,2,27,2,0
34,5005,11929,0,32,2,0
45,9903,4428,1,31,1,1
66,1568,15846,2,30,0,0
57,2549,13835,1,20,2,0
59,9719,15062,1,0,1,0
46,3599,9357,1,24,2,1
23,3796,17851,2,11,0,0
38,8122,7797,0,31,0,0
70,2704,16116,2,19,2,0
20,5622,4070,2,37,1,1
64,3574,4945,2,24,2,1
54,2781,10535,1,22,2,0
33,9680,11118,1,37,1,0
59,2799,14925,1,19,0,0
62,1848,5948,0,15,0,0
20,7066,17453,2,15,3,0
23,8806,6596,1,35,0,1
53,2147,10684,2,31,2,0
70,7371,18639,0,6,3,0
19,5867,10788,2,20,3,0
53,8471,13638,1,15,1,0
25,2142,18173,2,26,0,0
52,9784,19492,0,2,3,0
51,6572,9988,1,29,2,1
22,8580,8338,1,30,1,1
54,4258,3938,1,9,2,1
65,9491,10749,0,6,0,0
63,6637,18367,1,25,2,0
19,2142,9742,0,10,2,0
31,9307,6969,1,38,1,1
30,8162,2145,0,31,1,0
42,3702,7795,1,39,1,1
25,5911,4734,1,21,0,1
63,4492,19535,0,38,0,0
59,5892,10553,2,0,3,0
60,9689,2739,2,11,1,1
28,9091,1347,0,0,0,0
18,2940,17015,0,27,0,0
66,9747,18630,2,20,1,0
33,4941,15260,0,11,3,0
52,7344,2476,2,12,1,1
66,7878,1965,1,26,3,1
19,5346,3959,1,7,1,1
18,5110,15023,0,21,3,0
18,5108,15307,1,25,3,0
26,8763,16757,0,9,0,0
20,4477,1938,1,9,0,1
61,3519,3064,1,14,3,1
50,4254,18006,0,24,3,0
69,2754,18575,1,10,0,0
60,4523,14514,1,15,2,0
69,2026,2120,2,22,3,0
30,1807,1372,0,7,3,0
33,7515,1111,2,23,1,1
63,1697,13837,2,5,3,0
30,6114,16920,2,5,2,0
21,8019,12633,2,9,3,0
53,7521,5242,1,11,0,1
60,5015,15147,2,1,2,0
69,2742,1182,2,39,0,0
67,9377,16564,1,12,1,0
24,8517,17838,0,32,0,0
58,6510,14367,1,36,1,0
62,1780,17586,2,32,3,0
55,1316,11724,2,34,2,0
61,3837,9367,1,4,1,1
62,2417,6449,0,15,1,0
41,8744,18435,2,30,1,0
20,2852,13946,0,23,2,0
42,3544,3810,0,0,1,0
28,9782,19140,1,23,0,0
24,8365,1184,2,32,2,1
24,2968,11751,0,33,3,0
54,4452,3811,1,15,1,1
44,5642,13287,0,9,0,0
46,6979,8253,1,12,0,1
57,9426,8742,0,12,3,0
47,8841,13431,1,14,3,0
51,9795,15123,1,12,0,0
22,1365,7601,0,18,0,0
63,3127,19954,0,1,0,0
41,6067,9969,2,11,1,1
26,1442,3207,0,12,3,0
61,4198,127,0,6,0,0
56,2382,4048,0,35,3,0
20,9397,13822,2,27,0,0
28,1570,10789,1,37,2,0
18,2335,6756,0,23,1,0
32,2756,9627,2,4,3,0
23,2337,16763,0,37,1,0
55,6117,11431,1,18,1,0
45,4279,1161,0,28,0,0
69,9212,981,2,15,3,1
57,3347,9641,2,20,1,1
50,5835,8085,2,20,1,1
44,6941,17010,0,11,2,0
20,6634,11660,0,22,2,0
21,8168,15137,2,30,2,0
50,2817,11704,2,0,1,0
18,5567,6905,0,5,0,0
20,8206,13147,2,34,0,0
29,8768,12429,2,23,0,0
64,6560,14405,1,39,2,0
42,6867,3785,1,24,2,1
55,8778,12831,0,26,2,0
39,6624,5709,0,36,3,0
27,9540,15805,0,27,0,0
37,2148,15971,0,13,3,0
22,4131,12495,2,21,3,0
58,2009,18934,1,9,2,0
27,1815,10750,2,13,2,0
37,5247,502,0,27,0,0
69,3033,12124,2,6,0,0
49,4664,15554,0,27,0,0
42,4941,2023,2,23,2,1
46,6588,2092,0,12,1,0
59,9512,5463,0,1,0,0
31,8645,16885,0,28,0,0
51,4405,10548,2,33,0,0
64,3930,19529,0,29,2,0
48,7937,17460,1,17,2,0
41,2112,11097,1,26,2,0
25,5864,13581,2,17,0,0
31,4807,6620,1,14,0,1
68,2645,1808,0,13,0,0
46,6548,7975,1,8,3,1
33,3886,11846,0,39,2,0
40,2670,3644,2,27,1,0
48,6879,4434,2,7,0,1
46,2567,299,0,35,1,0
55,7056,14681,2,6,3,0
31,2459,17989,0,24,0,0
52,4913,16549,1,6,3,0
41,8272,7600,1,14,1,1
67,3058,11869,0,26,0,0
26,7909,19217,1,40,3,0
25,7497,11827,0,40,2,0
42,9124,5918,2,36,2,1
44,2520,6772,2,9,0,0
54,7436,14543,2,3,1,0
39,9430,8925,1,37,2,1
66,7867,16746,1,37,2,0
43,2691,17283,1,11,0,0
24,8400,716,2,0,2,1
24,1965,14467,1,26,3,0
69,6300,7399,1,3,3,1
25,5479,10395,1,1,0,0
68,5780,5296,1,38,3,1
32,5676,7365,1,20,2,1
22,1283,6607,2,4,0,0
34,5574,1007,1,26,0,1
50,9431,15656,2,15,3,0
40,4930,2860,2,21,0,1
59,3492,7516,1,36,0,1
50,9954,3860,2,9,1,1
39,1891,3212,0,26,2,0
51,5377,7468,2,33,2,1
69,5613,18376,0,17,2,0
39,5301,18883,1,39,3,0
26,9296,7634,0,18,3,0
39,4796,10103,1,18,0,0
62,9760,19714,1,36,0,0
29,1601,4697,2,26,0,0
68,7606,18895,0,35,1,0
49,6337,2115,2,32,1,1
49,3165,4517,2,29,3,1
34,3051,6766,1,9,1,1
66,7477,741,1,16,0,1
19,6739,16315,2,35,3,0
33,6501,17109,0,25,1,0
40,1457,7667,2,11,3,0
43,6381,16728,0,13,3,0
43,9833,15450,2,31,3,0
25,1155,16028,0,7,3,0
29,5221,16054,2,4,0,0
23,5449,11470,2,31,2,0
48,9071,2216,0,11,1,0
36,3545,18470,1,31,2,0
47,5280,12173,1,21,2,0
49,7455,18026,0,40,2,0
55,1543,19182,1,21,1,0
46,8210,3743,2,35,3,1
52,8400,8043,0,34,2,0
49,7477,3850,2,8,3,1
52,6834,1018,2,40,0,1
50,7729,19329,1,30,3,0
34,8036,18466,1,4,1,0
31,9131,18635,1,0,1,0
59,4853,17674,0,11,3,0
36,5104,12976,1,0,1,0
47,6742,10443,2,14,1,0
28,2737,19830,0,40,3,0
40,8706,11045,2,19,3,0
46,7935,12849,2,0,1,0
51,6680,4235,2,20,1,1
45,3715,14934,1,8,0,0
37,4129,16389,1,35,0,0
68,4915,13571,1,3,2,0
45,6963,9972,2,31,1,1
60,8003,3957,2,18,3,1
57,7047,677,1,0,0,0
47,9370,12546,2,27,2,0
64,9646,13660,1,18,2,0
24,7344,15453,1,31,2,0
66,4338,19010,0,25,0,0
63,6392,9947,1,32,1,1
44,4826,16583,1,18,2,0
56,6662,14326,2,0,1,0
45,8309,5544,2,5,3,1
32,4324,16903,0,18,2,0
60,5552,1066,1,16,1,1
31,1410,11978,2,32,0,0
34,7629,18807,1,16,0,0
45,5409,13179,1,35,1,0
62,5137,18742,2,7,1,0
38,5792,1123,1,15,3,1
44,2939,10648,2,31,3,0
20,6382,15613,1,5,0,0
24,7707,12846,0,13,2,0
20,4147,17611,1,30,1,0
21,2180,9252,2,24,0,0
64,4481,13652,1,31,2,0
62,2787,8395,2,21,2,0
61,4365,17443,0,35,0,0
20,6642,2389,2,35,1,1
22,2020,5082,0,39,2,0
32,7726,1935,2,5,1,1
47,3021,14042,1,24,1,0
35,9053,4654,2,4,0,1
43,7592,6343,2,9,0,1
27,3453,16733,2,12,3,0
56,6069,7204,2,26,2,1
34,1996,2916,1,17,0,0
21,1897,419,2,35,1,0
57,9605,4534,0,12,0,0
65,8222,18294,0,25,1,0
18,2389,10972,1,31,0,0
41,3544,19897,2,40,2,0
61,2779,4302,2,10,2,0
55,4556,7029,1,30,2,1
63,3622,3264,1,3,1,1
40,3952,7967,1,22,1,1
37,5765,11266,2,16,0,0
55,2701,16163,2,39,0,0
26,8946,7362,0,31,1,0
30,7549,15431,1,38,1,0
49,7845,12523,1,34,2,0
53,2525,5836,2,16,0,0
24,7374,18245,1,30,1,0
44,8527,8685,2,1,3,0
37,2576,3020,1,22,3,0
44,7762,19254,2,1,3,0
68,4219,18269,0,29,1,0
22,8089,990,2,39,0,1
70,5306,18050,0,27,0,0
41,8220,18948,1,34,0,0
58,2326,16582,2,9,3,0
40,4502,5100,2,40,3,1
34,3461,12626,1,22,3,0
58,3235,10765,1,27,2,0
54,3775,12403,0,31,1,0
25,4442,12329,2,26,1,0
55,2145,12784,0,13,3,0
57,7364,10280,0,25,3,0
38,5952,13810,1,26,2,0
67,8464,10532,0,35,3,0
51,7345,329,0,19,1,0
35,2341,705,1,20,1,0
18,1629,19162,2,20,3,0
53,4805,18185,0,4,1,0
29,5330,11712,2,3,3,0
58,3162,3491,1,0,1,0
45,8040,15630,0,27,1,0
42,6234,2865,2,17,0,1
26,7732,7546,1,35,2,1
55,1981,6597,2,28,1,0
26,8336,247,0,5,1,0
40,2855,16141,0,4,2,0
62,5034,10195,0,15,0,0
66,4954,6325,1,37,0,1
70,8385,10144,2,1,3,0
68,3491,0,2,7,2,1
47,3167,8740,1,1,2,1
28,4056,10392,1,16,0,0
62,4247,6794,2,40,2,1
60,2635,16608,1,28,1,0
70,2587,4996,0,20,2,0
52,3082,2756,0,5,0,0
25,5207,10551,0,14,2,0
44,4090,17746,1,21,2,0
41,4528,7505,1,11,1,1
62,7472,932,1,28,0,1
38,3168,19399,1,40,3,0
35,9189,8886,2,8,2,1
22,7766,3458,2,10,2,1
62,2572,12312,0,5,3,0
58,3824,6393,0,29,2,0
20,2652,18756,0,18,0,0
40,3455,5879,2,11,1,1
43,4289,11003,1,8,3,0
42,2178,10866,2,2,1,0
66,1129,4849,1,19,3,0
25,4949,9986,1,28,0,1
34,7309,2181,0,9,1,0
27,3726,12875,1,0,1,0
30,8744,15167,0,19,2,0
66,4323,19000,1,27,0,0
67,9108,6515,0,14,0,0
20,3124,5704,0,10,2,0
51,5854,10976,0,6,1,0
30,7869,13856,2,30,3,0
28,1531,19850,2,35,3,0
33,9370,500,1,31,1,1
28,4284,4766,1,21,2,1
43,5481,5248,2,29,1,1
70,6656,5107,1,16,1,1
49,6787,9274,1,1,2,1
56,1213,17459,1,15,1,0
44,8805,619,1,28,0,1
18,6613,16317,1,26,1,0
22,9990,12354,2,40,3,0
32,5244,12304,1,40,1,0
30,6522,13566,1,9,1,0
62,4970,2308,0,0,2,0
62,9008,14935,2,11,0,0
63,8492,4962,2,35,1,1
51,9178,10332,0,33,0,0
47,5539,13538,0,4,3,0
52,8123,12079,2,6,3,0
39,4229,6462,0,23,3,0
53,5148,7921,2,27,0,1
60,7842,9530,2,40,2,1
58,1730,825,2,30,2,0
50,7395,14521,0,8,3,0
21,1142,1999,1,1,0,0
56,6226,9172,1,25,2,1
37,5295,13100,2,22,0,0
57,5218,1607,0,37,2,0
46,5449,19912,0,23,3,0
64,5427,7544,0,20,0,0
35,4666,316,2,12,0,1
67,5062,13173,2,3,3,0
62,6114,11152,0,35,0,0
35,7871,12807,0,33,2,0
43,5970,15020,0,6,2,0
46,6783,9513,2,28,1,1
58,8530,16536,1,14,3,0
54,9906,7403,0,17,3,0
63,1978,10904,0,34,1,0
37,7417,3170,1,34,0,1
44,3026,12398,1,7,0,0
40,2771,5232,0,12,0,0
66,8137,13935,2,33,3,0
34,1618,16021,1,37,2,0
49,8631,17180,0,3,2,0
24,7935,18582,2,34,0,0
63,9954,2445,2,20,3,1
38,7012,2759,0,24,2,0
36,8857,18524,0,3,3,0
48,2066,7616,0,27,1,0
44,9009,520,2,27,2,1
62,2443,5740,1,27,2,0
46,3829,16724,2,32,1,0
45,2153,7100,1,38,2,0
23,4615,1534,1,34,1,1
19,7741,14442,1,30,3,0
39,3413,3892,2,40,2,1
70,8400,7056,1,27,2,1
66,6457,77,2,27,2,1
51,6660,12040,2,22,1,0
51,9450,8905,2,31,3,1
38,4887,17341,2,2,0,0
27,4102,6687,1,20,2,1
18,9951,4092,0,17,0,0
35,6013,3320,1,37,1,1
34,6532,4003,2,2,2,1
28,3666,9022,2,26,1,1
31,2939,1743,1,7,3,0
19,2528,8047,0,36,2,0
50,3012,17094,1,34,1,0
67,2756,15353,2,9,1,0
54,7721,12745,0,35,2,0
41,1521,17863,0,20,3,0
40,6665,15605,0,39,1,0
34,9544,13051,2,29,2,0
25,7890,17262,1,1,2,0
49,4626,2488,0,8,0,0
48,1534,16365,0,16,3,0
18,8507,5908,0,8,2,0
40,1028,14661,1,5,0,0
32,7132,18267,2,40,2,0
27,7039,9920,1,35,2,1
55,2727,1774,2,17,3,0
45,7659,7404,2,8,0,1
51,2579,8137,2,7,1,0
55,3031,18735,0,37,0,0
70,8308,18851,2,13,2,0
60,9813,11369,0,0,2,0
50,3382,19014,1,16,1,0
64,9292,8726,2,18,3,1
43,9220,8224,0,25,2,0
70,7925,16730,0,13,1,0
58,2260,13348,0,37,0,0
52,3695,10448,0,26,1,0
65,7100,9135,1,40,3,1
45,9993,14112,2,15,1,0
56,8331,15069,0,26,3,0
33,4782,9812,1,14,2,1
69,3117,631,2,28,2,1
51,9643,2036,2,30,1,1
59,3486,2883,0,13,2,0
42,4080,9242,1,38,0,1
63,9681,12284,0,35,0,0
21,6055,16076,0,36,1,0
24,3381,4651,0,8,2,0
44,1048,15732,1,29,2,0
56,4870,13321,0,4,1,0
60,9874,1033,0,4,1,0
41,4893,7024,0,39,2,0
52,7296,6053,1,6,2,1
47,3277,17733,1,35,0,0
68,7981,18424,1,17,1,0
52,7982,16386,0,12,2,0
40,6475,10560,1,3,3,0
69,7947,9857,1,27,1,1
23,6209,6230,0,29,3,0
70,4405,15458,2,19,2,0
26,7641,1725,2,33,1,1
33,8516,5423,1,13,2,1
61,8570,2704,1,22,3,1
56,2917,9885,2,11,0,0
69,7090,5995,1,23,0,1
57,1038,3949,1,5,1,0
51,6148,7528,1,19,0,1
36,6141,17218,0,22,3,0
18,4271,11160,2,22,3,0
24,9947,16462,0,18,2,0
33,8947,18279,0,26,3,0
20,1347,18043,2,20,0,0
44,2879,7020,1,11,2,0
59,2872,17550,1,8,1,0
69,9078,18188,0,26,1,0
43,5670,19192,0,38,1,0
64,7560,7020,2,30,2,1
70,8290,4566,1,26,2,1
63,7909,11686,0,37,0,0
42,1801,18637,2,36,2,0
35,2263,18013,1,20,3,0
69,4557,11424,2,4,0,0
30,4045,2984,1,26,3,1
39,7724,8450,1,25,2,1
21,2406,14283,2,11,1,0
60,4344,11208,2,34,2,0
52,3129,6909,0,35,2,0
22,2699,6852,2,13,3,0
29,2555,1195,2,19,0,0
47,2759,5771,1,8,0,0
46,6079,13388,0,7,2,0
60,4690,4826,0,10,1,0
32,4918,19868,0,14,0,0
67,5315,1648,0,11,1,0
41,7670,11776,2,6,2,0
61,8757,9931,2,18,0,1
30,5738,16666,1,25,3,0
19,6780,17756,1,13,1,0
20,7647,10870,2,21,0,0
37,7214,12603,1,11,0,0
68,2208,13979,1,28,3,0
20,9847,10420,1,26,0,0
37,2483,3697,0,39,1,0
23,4707,8572,0,2,2,0
67,6874,4831,1,34,2,1
53,4630,9288,2,13,1,1
58,3188,12303,0,2,0,0
55,9311,4185,0,28,2,0
52,1643,4988,0,7,1,0
59,3213,16459,2,7,0,0
18,9937,7555,1,40,0,1
63,7569,3967,1,9,2,1
57,1782,14264,1,22,0,0
57,7791,14333,0,8,1,0
38,9726,16524,2,5,0,0
60,1880,15200,0,0,3,0
38,4726,19840,0,0,2,0
20,5214,11497,2,19,3,0
66,2179,5736,1,17,0,0
30,2805,17259,0,1,1,0
23,2563,5296,1,14,1,0
50,2668,5821,0,11,2,0
30,4632,16570,2,23,3,0
63,5174,17633,2,40,0,0
41,3142,6787,0,28,3,0
18,3605,14588,1,37,2,0
68,2730,18448,0,7,3,0
45,8165,15975,1,8,0,0
31,2905,99,0,30,3,0
53,9169,13292,0,12,1,0
46,5850,3397,1,34,1,1
19,8225,16927,2,19,0,0
58,6728,1340,2,8,3,1
39,3394,19862,0,34,3,0
55,6412,3546,2,22,0,1
65,3467,8403,0,32,1,0
50,2067,4681,2,18,2,0
53,3292,16279,0,5,2,0
31,3481,7870,1,27,0,1
30,2215,14892,0,5,1,0
39,1212,1344,2,27,1,0
63,9495,9057,0,17,1,0
45,5621,18221,2,32,3,0
36,4618,18539,0,35,0,0
59,9370,4174,1,16,2,1
63,3022,7888,0,36,3,0
65,4626,8182,2,4,3,1
33,8620,11309,1,4,3,0
55,6688,10747,2,40,0,0
49,4593,2118,2,23,0,1
41,3302,15254,1,18,3,0
39,1316,4515,0,6,2,0
24,1765,6299,0,11,2,0
32,2457,16814,0,28,1,0
47,8080,13793,2,33,2,0
64,6753,7931,2,37,0,1
63,4901,18250,1,16,1,0
27,8046,7882,2,18,2,1
54,2447,11310,0,6,0,0
22,2898,4919,2,3,0,0
53,4534,3664,1,17,0,1
36,9257,9832,0,23,0,0
41,6528,11260,0,4,3,0
56,8659,16117,1,16,2,0
40,3233,7818,1,26,3,1
60,8636,17904,0,33,1,0
46,1652,12148,1,38,2,0
70,3049,1402,0,13,3,0
51,5707,14782,2,16,1,0
33,1454,11496,1,35,2,0
59,8725,7787,0,28,2,0
39,8807,9345,1,11,3,1
46,5873,6036,2,28,3,1
25,3752,12286,1,6,2,0
24,1890,11339,2,18,2,0
48,6570,8945,1,12,3,1
27,5839,5704,2,40,2,1
70,7840,7973,0,1,1,0
63,6423,9957,0,35,2,0
55,2154,9438,1,11,2,0
56,2096,6186,2,1,0,0
49,8028,11640,2,27,2,0
21,2431,4531,2,27,2,0
38,9447,10020,2,5,3,0
44,1953,2431,1,1,2,0
66,7556,9443,0,4,0,0
29,9778,15680,2,16,3,0
44,4971,16357,1,5,2,0
36,1510,13894,0,28,1,0
25,8890,14913,0,3,3,0
23,2685,1319,2,32,1,0
37,5747,6827,0,35,1,0
22,9861,13085,0,29,3,0
21,7703,16012,2,38,3,0
36,1416,11657,0,38,2,0
28,8385,17073,0,1,1,0
47,2451,5461,2,14,3,0
18,7744,3069,1,31,0,1
33,6589,1727,2,13,2,1
42,3590,11654,1,30,2,0
69,4812,13304,0,31,3,0
51,2060,5706,0,40,1,0
64,9882,15673,2,13,3,0
36,3145,14784,0,14,0,0
41,3778,7203,1,0,3,0
40,5526,4775,1,11,0,1
65,7052,14847,1,11,2,0
68,5547,13428,2,18,0,0
69,5546,3415,1,17,3,1
57,6244,5102,1,35,3,1
44,8720,9719,1,31,0,1
46,4556,10223,1,29,3,0
69,8490,3319,2,0,1,0
33,8082,18973,0,19,2,0
36,9650,7773,0,29,0,0
65,9219,7626,1,10,0,1
38,8184,1210,1,17,0,1
30,3220,17515,0,29,2,0
47,7969,4703,2,32,2,1
35,7629,19739,1,35,3,0
65,3605,9920,0,17,0,0
66,7102,17497,2,16,2,0
34,3276,3582,2,15,0,1
46,5708,3317,1,27,1,1
70,8171,16023,0,17,0,0
57,2696,16393,0,16,0,0
29,4032,10862,1,6,2,0
49,8157,643,0,19,3,0
50,5084,18875,1,9,2,0
52,9646,7866,0,21,3,0
19,1071,18720,0,36,2,0
33,7497,17415,1,31,0,0
63,8328,17030,2,19,1,0
30,9261,13775,2,40,3,0
33,2410,13465,0,40,0,0
35,9858,10655,0,18,0,0
27,4530,495,1,31,3,1
26,4168,7757,1,14,0,1
36,4200,14611,2,36,3,0
64,6744,16246,2,15,3,0
18,6934,11191,1,10,2,0
33,5265,14191,0,5,2,0
21,1639,434,0,34,0,0
47,9880,9368,0,12,1,0
31,2999,10155,1,33,3,0
59,1844,17850,0,3,3,0
49,6377,6221,0,20,1,0
59,4711,4599,2,17,3,1
51,6540,7047,2,17,3,1
41,8880,3408,1,6,0,1
63,1876,11169,2,3,2,0
43,3556,12856,2,14,2,0
68,5649,16023,2,19,2,0
70,8090,19440,2,32,3,0
49,6406,1472,0,18,3,0
53,4445,4945,2,10,2,1
31,6491,6014,2,10,1,1
61,9820,4993,2,25,3,1
53,5320,16546,1,17,3,0
65,8952,2790,2,36,2,1
32,8020,594,2,18,2,1
59,3712,17212,2,23,0,0
42,3245,19231,2,2,1,0
27,7932,4528,2,7,0,1
27,2867,6657,1,34,2,0
47,4032,10064,2,14,3,0
34,3118,10519,1,17,0,0
23,6457,19818,2,24,3,0
40,3647,8083,2,2,0,0
52,6926,242,2,20,0,1
34,9414,8455,1,14,3,1
68,8467,11130,1,6,0,0
59,9532,10338,0,17,2,0
45,1220,10246,1,18,3,0
67,5099,18453,1,7,1,0
40,2981,16149,1,22,0,0
25,9261,5034,2,30,1,1
19,7407,7105,2,10,0,1
67,3882,13352,0,39,2,0
68,6072,8207,1,25,3,1
57,6449,8568,2,31,3,1
23,5460,3358,2,2,3,0
33,5269,5087,2,31,3,1
20,1496,14817,2,13,3,0
20,5072,16859,2,29,3,0
31,4134,15694,2,32,2,0
48,8365,6156,1,10,3,1
21,8786,2733,0,10,1,0
70,7754,3194,1,2,1,0
42,1278,7869,2,24,3,0
31,8571,10355,0,31,1,0
45,4568,17858,2,16,1,0
59,4747,17977,1,6,0,0
34,9507,54,2,12,1,1
20,8806,14151,0,16,2,0
20,1457,5975,2,37,3,0
63,4238,3956,1,5,0,1
23,7748,11101,1,14,2,0
51,5850,678,1,26,3,1
38,3318,6682,1,9,3,1
59,5723,11045,2,36,3,0
21,8800,5441,0,37,0,0
65,3009,11868,2,15,1,0
55,7715,9201,2,30,3,1
41,7613,15988,0,30,3,0
28,8972,3630,0,27,2,0
69,3681,1142,1,7,3,1
34,2943,10593,2,2,2,0
43,5929,5138,2,14,0,1
38,5782,14134,2,5,3,0
30,4686,1865,2,11,0,1
40,8014,11506,1,26,1,0
26,8192,19797,1,24,0,0
18,3211,1862,0,8,2,0
33,8160,6036,1,0,0,0
23,3076,16889,0,9,2,0
39,4669,10671,0,18,3,0
63,1244,3499,2,31,3,0
26,4063,4262,2,14,1,1
18,9627,15297,1,11,3,0
23,4983,17218,0,22,1,0
44,7390,7211,0,2,2,0
32,1971,9477,0,9,2,0
43,6720,15656,2,1,0,0
19,4344,3538,0,21,0,0
35,7696,4125,0,18,0,0
39,9353,15489,2,23,3,0
40,5785,3733,2,25,3,1
47,1925,15417,2,16,1,0
59,5285,9941,0,35,3,0
42,2108,19801,1,37,0,0
62,5046,658,0,4,3,0
46,1550,18920,2,37,0,0
31,6764,4506,0,8,0,0
30,3794,701,2,10,3,1
35,2814,14480,1,21,1,0
49,1155,10651,2,1,1,0
30,8993,16748,1,14,3,0
66,8535,2167,0,7,1,0
43,8306,1615,2,19,3,1
63,1523,11345,1,33,0,0
54,4146,17642,1,37,0,0
35,9743,8115,1,8,1,1
30,6208,15951,1,22,2,0
57,2156,18125,1,19,0,0
35,2269,17394,0,17,0,0
31,3368,10173,0,25,2,0
67,9752,13969,0,40,1,0
43,2526,10513,0,16,1,0
20,9126,13483,2,2,0,0
44,7102,11342,0,37,0,0
42,9297,10502,0,38,0,0
63,8434,8736,0,13,2,0
55,3989,13056,2,20,0,0
28,8451,15022,1,35,0,0
25,2522,18383,0,20,3,0
49,3619,12265,1,19,1,0
20,2906,2010,0,37,2,0
34,2198,11750,0,33,1,0
25,1810,6315,0,20,3,0
19,2686,536,2,6,3,0
66,2081,1449,0,17,1,0
22,4424,11826,1,27,2,0
18,1641,18897,2,11,1,0
67,1551,10111,2,22,3,0
27,9909,8905,1,27,1,1
61,1789,1773,0,3,3,0
19,1666,13507,1,23,2,0
26,1270,1109,0,30,2,0
23,2193,16823,1,8,1,0
55,5751,16328,0,22,3,0
50,8446,19820,1,29,2,0
43,7614,5685,1,1,3,0
30,6222,3235,2,26,3,1
22,1765,5990,1,10,0,0
48,7970,15991,2,16,3,0
30,1335,4376,1,26,3,0
49,6678,17749,2,0,0,0
54,4684,3083,1,0,3,0
63,8940,977,2,18,2,1
44,3768,4387,1,38,1,1
18,6746,15082,2,0,0,0
32,4960,12046,1,32,1,0
63,5699,7094,1,3,0,1
46,9450,13121,1,20,2,0
50,7415,12972,2,17,2,0
42,4731,11094,1,19,2,0
26,5026,10281,0,3,2,0
65,7341,2029,2,30,1,1
58,4114,5195,2,11,2,1
70,2510,10554,0,31,3,0
63,5209,2704,2,26,0,1
33,1614,9517,1,22,1,0
31,2527,2339,0,12,3,0
31,4786,15745,1,26,3,0
66,8169,2066,2,40,3,1
47,8033,1850,0,37,0,0
42,3346,12756,2,37,1,0
69,4797,4410,1,9,0,1
49,2381,7028,0,23,3,0
66,7797,6285,1,16,2,1
70,3217,4332,1,39,0,1
22,8196,15236,2,38,0,0
37,8579,13838,2,35,2,0
56,7202,4775,0,6,3,0
61,3972,13737,2,13,3,0
25,9577,14270,1,29,3,0
34,7175,10783,0,30,3,0
47,6813,11568,2,14,3,0
60,8708,18700,1,5,3,0
23,8934,9078,1,5,3,1
49,1699,7708,2,28,1,0
33,8934,10780,0,18,3,0
29,7885,16718,0,20,3,0
45,2858,14192,2,33,0,0
39,3769,1502,0,0,2,0
51,7774,9186,0,30,1,0
34,2949,14797,0,11,0,0
61,5072,4478,2,38,0,1
22,7200,19769,0,39,0,0
63,6855,16162,0,20,3,0
19,9189,16932,1,12,3,0
57,2003,1634,0,9,0,0
36,3655,11593,1,7,2,0
38,9864,10556,1,40,2,0
19,6120,12535,1,7,2,0
55,3238,17006,1,18,2,0
26,3608,7066,2,19,3,1
52,4053,10680,1,27,2,0
56,5989,13590,1,34,2,0
62,3561,15064,0,22,2,0
55,6597,15408,0,31,1,0
33,5007,6739,0,23,3,0
57,6493,19965,0,17,1,0
61,2396,192,0,6,3,0
34,6612,9849,0,8,2,0
24,9323,12175,0,17,2,0
65,2215,1226,0,1,3,0
25,3947,9023,1,12,2,1
49,7242,11917,0,18,2,0
30,6557,12152,0,19,2,0
24,7073,2380,0,33,2,0
59,6036,5550,0,39,1,0
25,7143,4895,0,29,2,0
53,6485,12799,1,3,3,0
54,1666,6575,1,16,2,0
21,7762,11429,2,29,3,0
27,5021,14621,1,24,3,0
60,1463,15946,1,18,1,0
44,4681,3676,2,17,0,1
24,4917,18071,0,16,1,0
70,1780,3315,2,23,3,0
32,9965,437,2,7,3,1
18,3001,899,1,21,2,1
66,3976,4020,2,8,3,1
18,4969,17465,0,27,0,0
47,8493,4157,2,35,2,1
70,7686,13870,1,20,2,0
48,7939,8370,0,15,2,0
48,3133,798,0,38,2,0
38,8609,8883,2,27,1,1
24,8468,565,1,17,2,1
48,5175,9523,0,1,2,0
65,5912,11174,1,0,3,0
22,1334,10427,2,9,0,0
64,7844,5650,1,9,1,1
39,9649,15332,0,29,1,0
46,5253,11935,0,20,0,0
26,5865,5095,0,40,1,0
50,5493,8692,2,22,1,1
27,1743,2170,2,37,1,0
32,6578,18467,2,22,1,0
56,7493,15061,1,14,2,0
20,9352,5756,2,29,2,1
41,9369,13499,1,18,1,0
49,5426,13583,1,11,3,0
24,9631,12194,0,19,1,0
33,5758,1081,1,27,2,1
36,6779,17571,1,15,0,0
53,6418,19118,0,28,0,0
69,9989,19483,1,40,1,0
62,7638,19616,2,16,1,0
28,2080,18577,1,12,1,0
18,1646,14782,1,16,0,0
20,4689,1137,0,34,1,0
49,5641,9304,0,7,2,0
26,7018,4903,0,39,2,0
30,5334,4400,0,16,0,0
62,5632,16613,2,34,1,0
64,9296,16251,2,32,2,0
62,4014,10441,1,32,2,0
31,5442,14727,1,37,3,0
50,6017,2587,1,7,1,1
50,5215,4439,1,24,2,1
27,9714,17210,1,4,3,0
47,9660,9024,1,12,1,1
45,5618,10933,2,1,3,0
38,5055,9256,1,27,1,1
57,6301,4043,1,24,1,1
53,2628,16529,1,30,2,0
46,4834,15166,0,7,2,0
56,2952,13677,0,13,2,0
58,2296,7064,0,27,0,0
48,1856,12863,1,33,0,0
32,6284,19066,2,36,3,0
58,1005,12997,2,3,3,0
56,6816,9885,2,16,3,1
70,4887,5409,0,0,2,0
25,4298,10456,2,33,3,0
40,7923,7434,2,5,1,1
66,5849,12226,1,33,0,0
45,7601,913,0,6,0,0
67,7385,3803,1,0,1,0
18,1289,15739,2,36,1,0
19,2939,7614,2,17,3,0
60,6130,8660,1,17,1,1
36,9780,10878,1,26,2,0
45,2388,8765,1,11,1,0
40,1950,15173,0,28,2,0
39,9470,4907,1,17,2,1
67,9702,15169,0,11,0,0
22,2506,4188,2,16,1,0
58,4615,7412,2,0,0,0
65,6640,11757,1,12,3,0
52,2757,17720,1,24,2,0
38,3936,4651,2,5,3,1
26,4557,11748,1,4,3,0
54,6774,1284,2,26,0,1
42,3772,1508,1,17,2,1
25,4710,15350,0,5,0,0
37,3606,14379,0,30,3,0
68,7837,7529,0,31,3,0
32,2377,12460,1,1,2,0
27,3076,7605,1,8,3,1
54,3250,5545,1,15,3,1
28,9153,8626,0,29,3,0
66,9501,6237,2,3,0,1
63,5502,16301,1,33,0,0
70,2407,8233,2,13,3,0
66,7805,6417,1,5,1,1
30,5429,10723,1,35,1,0
29,8648,15161,1,3,0,0
36,4240,5473,0,5,2,0
42,9990,18791,0,38,3,0
64,8263,9271,1,21,3,1
56,3015,13218,2,18,2,0
52,7530,19145,0,28,2,0
64,3582,8634,1,25,2,1
52,4148,3996,2,25,1,1
38,3254,14956,2,0,2,0
39,7140,132,1,22,3,1
45,3366,9158,0,11,1,0
22,6749,19600,0,33,1,0
57,6242,8288,1,20,2,1
52,7757,13682,2,5,2,0
56,9942,10506,0,36,0,0
46,1079,4293,2,11,1,0
59,9913,6354,2,11,2,1
68,1984,10471,0,38,2,0
48,5741,2085,1,31,2,1
41,4068,8298,0,35,3,0
23,6751,8297,2,27,2,1
59,7496,16699,1,37,2,0
65,8740,2477,0,4,1,0
55,4618,16854,0,24,1,0
63,9397,8209,1,12,3,1
63,3902,13027,0,16,1,0
60,2834,11139,0,9,2,0
44,4412,5995,0,8,0,0
23,5757,18615,1,18,0,0
18,7014,4489,2,37,0,1
28,8496,724,1,26,0,1
40,3023,15003,0,14,2,0
57,3729,12429,1,17,2,0
42,9449,17811,2,21,2,0
19,4958,9155,0,10,1,0
29,3174,336,0,21,2,0
69,9871,405,0,28,0,0
70,5041,8665,2,9,1,1
37,9866,4991,0,23,0,0
60,9274,18444,1,29,0,0
56,9155,2369,2,21,0,1
67,6237,17617,1,11,0,0
65,8186,4336,1,22,1,1
51,9645,2388,0,32,2,0
38,3422,5491,0,9,2,0
51,1339,2882,0,23,1,0
34,3887,8026,2,27,0,1
36,6732,6609,0,13,0,0
50,5926,10581,0,15,2,0
48,1725,10741,2,36,3,0
48,6047,19,1,14,1,1
38,2569,2497,1,24,0,0
39,5550,3237,2,6,1,1
18,6181,3894,1,37,0,1
49,6730,1871,2,24,0,1
48,4713,6293,1,31,1,1
67,4675,10994,2,24,3,0
44,7107,6178,2,14,2,1
42,7743,6581,1,13,3,1
21,8270,9391,0,28,1,0
28,4002,10968,2,35,1,0
35,4817,6619,0,5,1,0
37,3976,4436,0,34,0,0
37,5748,8188,1,34,1,1
38,2145,484,2,4,1,0
58,4871,9851,0,4,1,0
24,2698,18828,2,28,0,0
35,5792,7959,2,34,2,1
26,8655,2166,2,16,3,1
34,9869,14142,1,26,3,0
54,5016,2537,0,40,0,0
20,1507,3872,1,13,0,0
35,3051,2931,0,9,3,0
19,1943,17674,2,40,3,0
68,7834,19626,1,11,2,0
56,9863,11393,1,19,1,0
30,5986,12353,1,18,2,0
28,2591,12909,2,21,2,0
23,1190,12206,1,11,3,0
43,9785,10882,2,27,2,0
57,3847,19734,2,28,0,0
48,2008,14663,2,8,2,0
64,2593,1768,1,19,3,0
36,3297,7839,2,2,1,0
32,6903,19490,0,9,0,0
43,9026,8073,0,40,0,0
28,3475,4080,1,20,3,1
69,7185,17370,2,25,1,0
27,1584,12462,0,36,2,0
43,1090,11251,1,29,3,0
45,1494,8402,0,32,0,0
21,9309,2487,1,29,0,1
42,6236,7679,0,20,3,0
42,8247,8749,2,25,2,1
31,1195,18625,2,11,0,0
24,1200,6145,2,36,2,0
20,8639,2984,2,7,0,1
18,1923,8550,0,36,3,0
43,2398,19942,1,36,3,0
22,5671,9644,0,5,3,0
68,6459,7582,1,29,1,1
30,3060,13338,1,40,1,0
52,5002,12976,2,23,3,0
53,7074,5986,0,13,2,0
44,4986,19359,2,36,2,0
64,4444,11859,1,21,0,0
23,1646,1152,2,4,2,0
30,5067,8151,1,10,2,1
31,8225,18458,1,27,1,0
25,6641,7867,2,18,3,1
33,9038,11356,2,8,0,0
34,2135,12253,0,32,2,0
58,1099,14088,1,4,3,0
33,5933,17447,0,8,2,0
64,2607,2983,1,19,0,0
58,6346,10335,2,1,2,0
65,9136,10668,2,15,2,0
23,4034,3048,0,37,2,0
70,5945,13470,1,38,1,0
50,7135,2363,1,35,2,1
70,2350,9125,1,13,1,0
36,9077,6605,0,2,2,0
68,2825,3099,0,33,2,0
49,8275,16447,1,15,2,0
21,6940,4882,1,30,3,1
39,2268,5105,2,4,3,0
25,7524,17088,1,27,3,0
67,2768,17548,1,24,3,0
34,6395,689,1,37,3,1
29,9638,5557,2,4,0,1
47,9579,14177,1,16,1,0
40,8842,15563,1,40,2,0
23,5447,19988,0,15,1,0
61,6036,11093,2,26,2,0
62,3702,149,2,6,0,1
57,9289,17473,0,29,0,0
50,5295,3221,1,11,2,1
39,7945,2416,0,23,3,0
46,4237,13483,2,36,1,0
45,7664,12076,0,27,1,0
26,3019,1199,0,19,2,0
22,7604,3385,0,7,1,0
31,1413,11796,1,13,0,0
42,1943,5107,0,34,2,0
26,4170,13680,1,8,3,0
23,5338,8235,2,26,2,1
63,7403,11763,2,19,3,0
37,4231,9499,0,13,2,0
48,1165,7304,0,29,3,0
45,3928,6848,0,14,0,0
56,4953,13946,2,11,0,0
57,5894,10288,1,21,0,0
33,6796,11886,1,31,3,0
62,3229,11546,2,35,2,0
37,6494,4152,1,25,0,1
62,6684,18265,0,27,3,0
39,7990,11263,1,32,1,0
23,5698,14362,2,11,2,0
58,8295,17639,0,10,0,0
19,2994,18495,1,19,0,0
58,7406,13337,1,25,1,0
20,1412,15743,0,26,0,0
28,1925,9436,0,6,2,0
49,8783,14756,1,32,0,0
67,5275,6432,1,14,0,1
39,6588,14236,0,35,2,0
24,6431,1717,1,29,1,1
30,7254,18286,1,40,2,0
65,3210,4892,1,25,2,1
56,2604,13131,2,21,3,0
23,1383,223,0,7,3,0
38,8783,3114,1,16,0,1
32,3012,19733,0,35,2,0
27,6177,16668,2,15,2,0
62,5094,4449,0,2,2,0
50,2461,2617,2,10,3,0
27,4725,16298,0,24,0,0
52,1748,19804,0,25,1,0
39,2590,3373,1,40,3,0
21,2257,13279,2,38,3,0
41,8420,5672,0,21,0,0
27,6107,14888,0,22,1,0
30,9332,8365,2,32,1,1
64,4924,2507,0,1,0,0
55,2812,6488,0,24,0,0
25,6477,10772,2,19,2,0
63,9367,15967,0,32,2,0
48,5793,420,2,32,2,1
64,1160,19154,2,26,1,0
57,3732,12992,2,26,3,0
35,9325,17506,0,28,2,0
46,5665,18602,0,23,3,0
46,9568,3071,1,9,1,1
56,5583,1874,1,11,0,1
31,1108,15534,2,30,1,0
35,8858,3757,1,25,2,1
30,7867,2959,2,9,1,1
33,7437,9370,2,35,3,1
26,9732,18268,2,40,0,0
19,2765,15912,0,25,2,0
67,9154,10358,0,9,1,0
21,3093,3929,0,38,0,0
65,9737,6727,1,9,2,1
18,2723,13770,0,17,3,0
59,5953,3140,2,35,2,1
35,8104,10488,0,21,0,0
45,1703,236,2,9,0,0
32,1600,6502,2,3,1,0
44,8648,4959,0,14,2,0
41,1543,13622,0,27,1,0
46,6525,18281,1,29,1,0
38,9444,2929,1,9,3,1
46,6533,15946,0,6,0,0
61,5329,13119,1,28,0,0
41,4755,19396,0,6,0,0
37,6744,18231,0,2,3,0
24,6147,2015,2,19,1,1
37,5516,14865,2,23,0,0
24,2382,11844,0,9,1,0
27,6964,2261,2,8,3,1
68,7658,5143,1,9,2,1
22,7380,18539,1,14,0,0
43,1675,10859,0,0,0,0
62,7326,6769,1,0,0,0
68,7568,6409,1,15,3,1
25,2650,16758,1,0,0,0
26,8641,5669,0,13,1,0
37,5715,3177,0,23,1,0
47,5252,11477,1,1,2,0
68,7505,19851,0,25,2,0
29,5588,3666,0,25,3,0
26,5903,5106,1,23,1,1
31,3810,9383,2,25,1,1
64,9351,3996,1,33,1,1
19,9726,13016,0,2,0,0
38,2174,5072,2,6,2,0
24,7598,2563,1,12,2,1
26,1210,5225,2,28,1,0
66,4321,18612,0,35,3,0
18,9730,18698,1,37,0,0
35,2573,10114,0,23,3,0
66,4393,8009,1,16,2,1
50,2976,16391,0,16,0,0
21,7554,3885,2,2,2,1
42,5175,13078,0,19,3,0
69,6338,13601,1,21,1,0
39,9484,14200,0,8,1,0
46,5689,4359,2,31,3,1
46,7608,14323,1,33,0,0
53,1881,12240,2,12,0,0
27,2937,17502,1,37,2,0
62,9522,3488,1,4,3,1
70,8736,12272,0,37,2,0
25,6910,16593,1,31,0,0
61,4404,5564,1,9,2,1
61,2798,14876,0,26,1,0
57,8666,1990,1,12,3,1
37,8068,14362,0,32,2,0
42,3175,12125,0,6,1,0
62,6309,3851,0,10,2,0
26,6568,1327,1,12,2,1
61,5297,14910,0,8,2,0
66,9340,4826,0,13,1,0
54,2117,9949,1,24,2,0
36,3321,1214,0,25,0,0
47,1855,19270,0,22,1,0
20,7237,10978,1,7,1,0
67,6796,18632,0,8,2,0
36,9886,3206,2,37,3,1
21,5881,4116,1,10,3,1
60,2355,12208,2,4,1,0
52,5058,12090,2,18,2,0
51,1795,15818,2,0,0,0
20,7038,18562,1,14,1,0
57,7068,16438,1,35,2,0
51,8719,2804,2,10,2,1
60,4057,6191,0,28,3,0
61,3791,18277,2,20,1,0
29,1641,10979,0,14,3,0
29,4736,17341,0,27,3,0
66,5278,11260,0,24,2,0
46,7791,994,0,13,0,0
41,7784,9458,0,9,1,0
33,2262,16494,2,37,3,0
51,3566,13102,0,6,2,0
57,5603,2655,2,39,3,1
18,4015,4201,1,19,3,1
47,1229,17088,2,40,0,0
70,8612,19585,1,14,3,0
32,7582,15058,0,23,1,0
32,5681,1961,0,25,3,0
